,name,slug
49,Jupe Cargo Lanières,jupe-cargo-lanieres-48-orange-147580
54,Jupe Cargo Lanières,jupe-cargo-lanieres-53-pink-414644
10,Jupe Cargo Lanières,jupe-cargo-lanieres-9-pink-775604
88,Jupe Cargo Lanières,jupe-cargo-lanieres-87-camel-460918
80,Jupe Culotte En Denim,jupe-culotte-denim-79-print-291729
71,Jupe Culotte En Denim,jupe-culotte-denim-70-camel-20867
43,Jupe Culotte En Denim,jupe-culotte-denim-42-kaki-685481
73,Jupe Denim,jupe-denim-72-camel-700422
39,Jupe Denim Midi,jupe-denim-midi-38-grey-634206
42,Jupe Denim Midi,jupe-denim-midi-41-camel-446009
33,Jupe Longue Chiffon Pois,jupe-longue-chiffon-pois-32-cream-378764
55,Jupe Midi Avec Noeud,jupe-midi-avec-noeud-54-orange-74590
79,Jupe Midi Avec Noeud,jupe-midi-avec-noeud-78-beige-408118
13,Jupe Midi À Imprimé Animal,jupe-midi-a-imprime-animal-12-print-480650
24,Jupe Midi En Dentelle,jupe-midi-dentelle-23-green-553440
47,Jupe Midi En Dentelle,jupe-midi-dentelle-46-cream-240279
9,Jupe Midi Fendue Imprimée,jupe-midi-fendue-imprimee-8-marine-753913
14,Jupe Midi Gaufrée,jupe-midi-gaufree-13-white-424527
17,Jupe Midi Gaufrée,jupe-midi-gaufree-16-taupe-494191
6,Jupe Midi Imprimée,jupe-midi-imprimee-5-brown-299824
50,Jupe Midi Maille Bord-CôTe,jupe-midi-maille-bord-cote-49-print-641309
60,Jupe Midi Maille CôTeléE Rustique,jupe-midi-maille-cotelee-rustique-59-cream-178431
56,Jupe Midi Maille Rayures,jupe-midi-maille-rayures-55-kaki-75147
40,Jupe Midi Plissée,jupe-midi-plissee-39-orange-494368
69,Jupe Midi Popeline Taille Élastique,jupe-midi-popeline-taille-elastique-68-grey-598472
82,Jupe Midi Popeline Taille Élastique,jupe-midi-popeline-taille-elastique-81-charcoal-571553
34,Jupe Midi Popeline Taille Élastique,jupe-midi-popeline-taille-elastique-33-print-33839
1,Jupe Midi Popeline Taille Élastique,jupe-midi-popeline-taille-elastique-0-camel-668581
31,Jupe Midi RayéE En Maille,jupe-midi-rayee-maille-30-charcoal-469607
89,Jupe Midi Rayures,jupe-midi-rayures-88-beige-237392
58,Jupe Midi Rustique,jupe-midi-rustique-57-camel-797624
61,Jupe Midi Rustique Ajours,jupe-midi-rustique-ajours-60-black-122845
74,Jupe Midi Rustique Détail Fleurs,jupe-midi-rustique-detail-fleurs-73-navy-468672
11,Jupe Midi Satin,jupe-midi-satin-10-cream-29544
36,Jupe Midi Satinée,jupe-midi-satinee-35-yellow-301110
12,Jupe Midi Tailoring Plissée Ceinture Fente,jupe-midi-tailoring-plissee-ceinture-fente-11-orange-162853
51,Jupe Midi Texture Rustique,jupe-midi-texture-rustique-50-kaki-184235
85,Jupe Midi Texturée,jupe-midi-texturee-84-camel-101727
3,Jupe-Culotte Paréo Plissée,jupe-culotte-pareo-plissee-2-beige-220525
83,Jupe-Culotte Tailoring,jupe-culotte-tailoring-82-camel-661031
78,Jupe-Culotte Tailoring,jupe-culotte-tailoring-77-kaki-773028
68,Jupe-Culotte Tailoring Plissée,jupe-culotte-tailoring-plissee-67-kaki-4412
29,Jupe-Culotte Tailoring Plissée,jupe-culotte-tailoring-plissee-28-taupe-736157
22,Mini-Jupe Ceinture Boucle,mini-jupe-ceinture-boucle-21-navy-139970
65,Mini-Jupe Ceinture Boucle,mini-jupe-ceinture-boucle-64-red-127205
53,Mini-Jupe Denim Cargo,mini-jupe-denim-cargo-52-taupe-181951
63,Mini-Jupe Denim Cargo,mini-jupe-denim-cargo-62-charcoal-119359
72,Mini-Jupe En Maille,mini-jupe-maille-71-beige-675019
30,Mini-Jupe Plissée,mini-jupe-plissee-29-orange-172674
64,Mini-Jupe Plissée Similicuir,mini-jupe-plissee-similicuir-63-charcoal-235902
67,Mini-Jupe Popeline,mini-jupe-popeline-66-black-540144
26,Mini-Jupe Tailoring,mini-jupe-tailoring-25-taupe-649717
86,Mini-Jupe Tailoring,mini-jupe-tailoring-85-taupe-149906
16,Minijupe,minijupe-15-taupe-798146
37,Minijupe À Volants,minijupe-a-volants-36-marine-25343
8,Minijupe À Volants,minijupe-a-volants-7-kaki-415610
27,Minijupe À Volants,minijupe-a-volants-26-grey-423223
44,Minijupe À Volants,minijupe-a-volants-43-kaki-549301
77,Minijupe Bengaline Chinée,minijupe-bengaline-chinee-76-pink-596588
84,Minijupe Bengaline Chinée,minijupe-bengaline-chinee-83-brown-687826
4,Minijupe Bouffante,minijupe-bouffante-3-black-676726
5,Minijupe Bouffante,minijupe-bouffante-4-navy-98441
70,Minijupe Cargo Plissée,minijupe-cargo-plissee-69-taupe-554392
46,Minijupe Cargo Serge Ceinture,minijupe-cargo-serge-ceinture-45-brown-299503
2,Minijupe Cargo Serge Ceinture,minijupe-cargo-serge-ceinture-1-charcoal-116746
76,Minijupe Denim Underwear,minijupe-denim-underwear-75-beige-735569
19,Minijupe En Crochet,minijupe-crochet-18-black-27389
15,Minijupe En Crochet,minijupe-crochet-14-cream-577559
52,Minijupe Gaufrée Volants Imprimé,minijupe-gaufree-volants-imprime-51-red-244199
21,Minijupe Jacquard,minijupe-jacquard-20-black-670435
75,Minijupe Jean,minijupe-jean-74-green-584314
7,Minijupe Plissée Élastiquée Popeline Contrastante,minijupe-plissee-elastiquee-popeline-contrastante-6-camel-404373
81,Minijupe Plissée Élastiquée Popeline Contrastante,minijupe-plissee-elastiquee-popeline-contrastante-80-print-75445
38,Minijupe Satin Jacquard,minijupe-satin-jacquard-37-charcoal-169447
32,Minijupe Serge,minijupe-serge-31-charcoal-525816
20,Minijupe Serge,minijupe-serge-19-charcoal-77250
25,Minijupe Similicuir Plissée,minijupe-similicuir-plissee-24-yellow-782944
87,Minijupe Taille Retrousée,minijupe-taille-retroussee-86-navy-705542
28,Minijupe Taille Retrousée,minijupe-taille-retroussee-27-navy-791752
66,Minijupe Taille Retrousée,minijupe-taille-retroussee-65-grey-239622
57,Minijupe Taille Retrousée,minijupe-taille-retroussee-56-white-50006
41,Minijupe Taille Retrousée,minijupe-taille-retroussee-40-camel-22338
18,Minijupe Taille Retrousée,minijupe-taille-retroussee-17-orange-530889
45,Minijupe Taille Retrousée,minijupe-taille-retroussee-44-green-102929
59,Minijupe Tailoring Plissée Ceinture,minijupe-tailoring-plissee-ceinture-58-brown-379367
35,Minijupe Texturée,minijupe-texturee-34-navy-394372
48,Minijupe-Culotte,minijupe-culotte-47-black-365234
62,Minijupe-Culotte Denim Plissée,minijupe-culotte-denim-plissee-61-brown-626756
23,Minijupe-Culotte Denim Plissée,minijupe-culotte-denim-plissee-22-print-542016
